category,food_item,kcal_per_100g,source
主食類,白飯,280,國立臺灣大學膳食協調委員會熱量表(盤菜/自助餐類)
主食類,粥,140,國立臺灣大學膳食協調委員會熱量表(盤菜/自助餐類)
主食類,麵條,140,國立臺灣大學膳食協調委員會熱量表(盤菜/自助餐類)
主食類,饅頭,280,國立臺灣大學膳食協調委員會熱量表(盤菜/自助餐類)
主菜類,香煎排骨,250,國立臺灣大學膳食協調委員會熱量表(盤菜/自助餐類)
主菜類,鼓椒排骨,287,國立臺灣大學膳食協調委員會熱量表(盤菜/自助餐類)
主菜類,鹽酥排骨,255,國立臺灣大學膳食協調委員會熱量表(盤菜/自助餐類)
主菜類,糖醋排骨,330,國立臺灣大學膳食協調委員會熱量表(盤菜/自助餐類)
主菜類,炸豬排,255,國立臺灣大學膳食協調委員會熱量表(盤菜/自助餐類)
主菜類,香滷控肉,270,國立臺灣大學膳食協調委員會熱量表(盤菜/自助餐類)
主菜類,蘿蔔燒肉,268,國立臺灣大學膳食協調委員會熱量表(盤菜/自助餐類)
主菜類,回鍋肉,265,國立臺灣大學膳食協調委員會熱量表(盤菜/自助餐類)
主菜類,黑胡椒肉片,206,國立臺灣大學膳食協調委員會熱量表(盤菜/自助餐類)
主菜類,醬爆肉片,215,國立臺灣大學膳食協調委員會熱量表(盤菜/自助餐類)
主菜類,蒜泥白肉,129,國立臺灣大學膳食協調委員會熱量表(盤菜/自助餐類)
主菜類,叉燒肉,134,國立臺灣大學膳食協調委員會熱量表(盤菜/自助餐類)
主菜類,清蒸獅子頭,229,國立臺灣大學膳食協調委員會熱量表(盤菜/自助餐類)
主菜類,瓜仔肉,277,國立臺灣大學膳食協調委員會熱量表(盤菜/自助餐類)
主菜類,滷雞腿,205,國立臺灣大學膳食協調委員會熱量表(盤菜/自助餐類)
主菜類,炸雞腿,255,國立臺灣大學膳食協調委員會熱量表(盤菜/自助餐類)
主菜類,烤腿排,215,國立臺灣大學膳食協調委員會熱量表(盤菜/自助餐類)
主菜類,花雕醉雞,283,國立臺灣大學膳食協調委員會熱量表(盤菜/自助餐類)
主菜類,黃燜雞丁,118,國立臺灣大學膳食協調委員會熱量表(盤菜/自助餐類)
主菜類,雪菜雞片,185,國立臺灣大學膳食協調委員會熱量表(盤菜/自助餐類)
主菜類,成都子雞,161,國立臺灣大學膳食協調委員會熱量表(盤菜/自助餐類)
主菜類,小黃魚煲,217,國立臺灣大學膳食協調委員會熱量表(盤菜/自助餐類)
主菜類,香炸白帶魚,240,國立臺灣大學膳食協調委員會熱量表(盤菜/自助餐類)
主菜類,樹子蒸午仔魚,214,國立臺灣大學膳食協調委員會熱量表(盤菜/自助餐類)
主菜類,蔥爆鯽魚,252,國立臺灣大學膳食協調委員會熱量表(盤菜/自助餐類)
主菜類,醋溜魚塊,216,國立臺灣大學膳食協調委員會熱量表(盤菜/自助餐類)
主菜類,五味魚丁,172,國立臺灣大學膳食協調委員會熱量表(盤菜/自助餐類)
主菜類,五味軟絲,192,國立臺灣大學膳食協調委員會熱量表(盤菜/自助餐類)
主菜類,炸花枝條,180,國立臺灣大學膳食協調委員會熱量表(盤菜/自助餐類)
副菜類,紅蘿蔔炒蛋,103,國立臺灣大學膳食協調委員會熱量表(盤菜/自助餐類)
副菜類,蕃茄炒蛋,123,國立臺灣大學膳食協調委員會熱量表(盤菜/自助餐類)
副菜類,四色炒蛋,182,國立臺灣大學膳食協調委員會熱量表(盤菜/自助餐類)
副菜類,蒸蛋,60,國立臺灣大學膳食協調委員會熱量表(盤菜/自助餐類)
副菜類,香滷豆干,154,國立臺灣大學膳食協調委員會熱量表(盤菜/自助餐類)
副菜類,小魚豆乾,210,國立臺灣大學膳食協調委員會熱量表(盤菜/自助餐類)
副菜類,小魚苦瓜,120,國立臺灣大學膳食協調委員會熱量表(盤菜/自助餐類)
副菜類,咖哩洋芋,120,國立臺灣大學膳食協調委員會熱量表(盤菜/自助餐類)
副菜類,南瓜蓮子,121,國立臺灣大學膳食協調委員會熱量表(盤菜/自助餐類)
副菜類,青椒炒培根,166,國立臺灣大學膳食協調委員會熱量表(盤菜/自助餐類)
副菜類,甜椒肉片,102,國立臺灣大學膳食協調委員會熱量表(盤菜/自助餐類)
副菜類,炒玉米,150,國立臺灣大學膳食協調委員會熱量表(盤菜/自助餐類)
副菜類,高麗培根,166,國立臺灣大學膳食協調委員會熱量表(盤菜/自助餐類)
副菜類,雙脆肉片,102,國立臺灣大學膳食協調委員會熱量表(盤菜/自助餐類)
副菜類,筊白筍炒肉絲,116,國立臺灣大學膳食協調委員會熱量表(盤菜/自助餐類)
副菜類,大白炒蝦米,114,國立臺灣大學膳食協調委員會熱量表(盤菜/自助餐類)
副菜類,玉米肉絲,137,國立臺灣大學膳食協調委員會熱量表(盤菜/自助餐類)
副菜類,麻婆豆腐,163,國立臺灣大學膳食協調委員會熱量表(盤菜/自助餐類)
副菜類,肉羹黃瓜,107,國立臺灣大學膳食協調委員會熱量表(盤菜/自助餐類)
副菜類,三色豆,125,國立臺灣大學膳食協調委員會熱量表(盤菜/自助餐類)
副菜類,鹹菜豬血,78,國立臺灣大學膳食協調委員會熱量表(盤菜/自助餐類)
副菜類,油燜苦瓜,245,國立臺灣大學膳食協調委員會熱量表(盤菜/自助餐類)
副菜類,苦瓜肉片,96,國立臺灣大學膳食協調委員會熱量表(盤菜/自助餐類)
副菜類,拌三絲,91,國立臺灣大學膳食協調委員會熱量表(盤菜/自助餐類)
副菜類,炸豆腐,170,國立臺灣大學膳食協調委員會熱量表(盤菜/自助餐類)
青菜類,炒高麗菜,75,國立臺灣大學膳食協調委員會熱量表(盤菜/自助餐類)
青菜類,炒綠花椰,66,國立臺灣大學膳食協調委員會熱量表(盤菜/自助餐類)
青菜類,炒波菜,77,國立臺灣大學膳食協調委員會熱量表(盤菜/自助餐類)
青菜類,海芽炒豆芽,70,國立臺灣大學膳食協調委員會熱量表(盤菜/自助餐類)
青菜類,涼拌海帶絲,65,國立臺灣大學膳食協調委員會熱量表(盤菜/自助餐類)
青菜類,炒地瓜葉,70,國立臺灣大學膳食協調委員會熱量表(盤菜/自助餐類)
青菜類,涼拌青花菜,47,國立臺灣大學膳食協調委員會熱量表(盤菜/自助餐類)
青菜類,炒空心菜,70,國立臺灣大學膳食協調委員會熱量表(盤菜/自助餐類)
青菜類,炒豌豆夾,89,國立臺灣大學膳食協調委員會熱量表(盤菜/自助餐類)
青菜類,炒韭菜花,75,國立臺灣大學膳食協調委員會熱量表(盤菜/自助餐類)
青菜類,炒菠菜,68,國立臺灣大學膳食協調委員會熱量表(盤菜/自助餐類)
青菜類,炒萵苣,57,國立臺灣大學膳食協調委員會熱量表(盤菜/自助餐類)
青菜類,炒白菜,59,國立臺灣大學膳食協調委員會熱量表(盤菜/自助餐類)
青菜類,炒青江菜,62,國立臺灣大學膳食協調委員會熱量表(盤菜/自助餐類)
青菜類,炒牛蒡絲,143,國立臺灣大學膳食協調委員會熱量表(盤菜/自助餐類)
青菜類,炒蘿蔔絲,83,國立臺灣大學膳食協調委員會熱量表(盤菜/自助餐類)
青菜類,涼拌藕片,78,國立臺灣大學膳食協調委員會熱量表(盤菜/自助餐類)
青菜類,炒筍絲,69,國立臺灣大學膳食協調委員會熱量表(盤菜/自助餐類)
青菜類,苜蓿芽沙拉,70,國立臺灣大學膳食協調委員會熱量表(盤菜/自助餐類)
青菜類,炒筊白筍,69,國立臺灣大學膳食協調委員會熱量表(盤菜/自助餐類)
青菜類,涼拌荸薺,84,國立臺灣大學膳食協調委員會熱量表(盤菜/自助餐類)
青菜類,滷蘿蔔,25,國立臺灣大學膳食協調委員會熱量表(盤菜/自助餐類)
青菜類,醃製嫩薑,41,國立臺灣大學膳食協調委員會熱量表(盤菜/自助餐類)
青菜類,涼拌花椰沙拉,70,國立臺灣大學膳食協調委員會熱量表(盤菜/自助餐類)
青菜類,沙拉筍,77,國立臺灣大學膳食協調委員會熱量表(盤菜/自助餐類)
