category,food_item,portion_description,household_comparison,grams,confidence,note,source_page,unit
全穀雜糧類,飯,1份(約兩湯匙),約兩湯匙的量,50,high,"手冊原文「飯 50公克(約兩湯匙)」；先前交叉比對版本誤植為40公克，已用手冊原始數字更正",手冊p.7,湯匙
全穀雜糧類,陽春麵(乾),1份,無附生活化比喻,20,high,"手冊原文為乾燥生麵重量，非煮熟後的重量；先前「熟麵條60公克」是不同計量基準（熟重）的推估值，已用手冊乾重數字取代",手冊p.8,份
全穀雜糧類,烏龍麵(濕貨/熟麵條類),1份,無附生活化比喻,50,high,"手冊原文；若辨識到的是濕麵/熟麵條類型，用此筆而非陽春麵(乾)那筆",手冊p.8,份
全穀雜糧類,吐司,1份,無附生活化比喻,30,high,手冊原文,手冊p.7,份
全穀雜糧類,饅頭,1份,無附生活化比喻,30,high,手冊原文,手冊p.7,份
全穀雜糧類,馬鈴薯,1份,無附生活化比喻,90,high,手冊原文,手冊p.7,份
乳品類,全脂乳,1份(1杯),約240ml紙杯或馬克杯的量,240,high,"手冊原文：蛋白質8g/脂肪8g/醣12g/熱量150大卡；240ml為多方來源一致引用之標準量",手冊p.4,杯
乳品類,低脂乳,1份(1杯),約240ml紙杯或馬克杯的量,240,high,手冊原文：蛋白質8g/脂肪4g/醣12g/熱量120大卡,手冊p.4,杯
乳品類,脫脂乳,1份(1杯),約240ml紙杯或馬克杯的量,240,high,手冊原文：蛋白質8g/醣12g/熱量80大卡,手冊p.4,杯
豆魚蛋肉類,黃豆(乾),1份,無查得官方生活化比喻，暫不填,20,medium,"這次核對的頁面(p.4-8)中未看到黃豆(乾)項目，沿用先前多方衛教來源交叉比對的數字，尚待用手冊其餘頁面核實",未核對(沿用交叉比對來源),份
豆魚蛋肉類,無糖豆漿,1份(約1杯),1杯鮮豆漿的量,190,high,"手冊原文「豆漿(無糖) 190公克」，先前交叉比對得到的190數字獲得手冊直接確認，信心度由low上修為high",手冊p.5,杯
豆魚蛋肉類,雞蛋,1份(1顆),1顆帶殼雞蛋,55,high,手冊原文,手冊p.6,顆
豆魚蛋肉類,傳統豆腐,1份,約半個手掌大小的豆腐塊(比喻為推測，非官方原文用語),80,high,手冊原文；手掌比喻為輔助說明非手冊原文,手冊p.6,份
豆魚蛋肉類,一般魚類(生重),1份,約半個手掌心大小(不含手指),35,high,"手冊原文品項名稱為「一般魚類」；先前記為「魚肉」，已用手冊原文名稱",手冊p.5,份
豆魚蛋肉類,去皮雞胸肉(生重),1份,約半個手掌心大小(不含手指),30,high,手冊原文,手冊p.5,份
豆魚蛋肉類,豬大里肌(生重),1份,約半個手掌心大小(不含手指),35,high,"手冊原文品項名稱為「豬大里肌」；先前誤植為「豬小里肌」，已用手冊原文名稱更正",手冊p.5,份
蔬菜類,蔬菜(不分菜種，可食生重),1份,煮熟後約半碗~2/3碗，或約一個拳頭大小,100,high,"手冊原文明確寫「每份蔬菜可食生重100公克」，含蛋白質1g/醣5g/熱量25大卡；碗量比喻依蔬菜種類縮水率不同而有差異，僅供概估",手冊p.9,份
水果類,蘋果,1份(小的一顆),小的一顆整果,130,high,"手冊原文「145公克/130公克，小的一顆」(購買量/可食量)；先前「0.6顆=100克」的推估不準確，已用手冊原始數字更正",手冊p.11,顆
水果類,芭樂,1份,無附顆數換算，以整份可食重量呈現,160,high,"手冊原文「芭樂 160公克」，未附顆數換算；先前「0.7顆=100克」的推估不準確，已用手冊原始數字更正",手冊p.11,份
水果類,香蕉,1份(大蕉半根或小蕉1根),大蕉購買量95公克/小蕉購買量70公克，取可食量,70,high,"手冊原文「95公克/70公克，大1/2根、小1根」(購買量/可食量)；先前「中型1根=2份=200克」的推估不準確，已用手冊原始數字更正",手冊p.11,根
水果類,芭蕉,1份,無附顆數換算,45,high,手冊原文「60公克/45公克」(購買量/可食量),手冊p.11,根
水果類,小番茄,1份,20~23個,220,high,手冊原文；此項可食量與購買量相同故只有單一數字,手冊p.11,顆
水果類,__注意__水果無統一100克規則,不適用,"重要更正：手冊明訂水果每份固定為醣15公克/熱量60大卡，但因各水果密度不同，對應公克數差異很大（如芭蕉45公克到小番茄220公克），並非先前版本認定的「每份固定100公克」。若辨識到手冊未收錄的水果，用60~220公克的合理區間內插估算，並將信心度標為medium或以下，不要假設100公克",,medium,"先前版本這條「水果=100公克」的high confidence判斷經核對後證實是錯的，特別保留這筆做提醒",手冊p.11,N/A
油脂與堅果種子類,烹調用油,1份,約1茶匙,5,high,手冊原文,手冊p.13,茶匙
油脂與堅果種子類,花生仁,1份,10~14粒,13,high,手冊原文,手冊p.13,粒
油脂與堅果種子類,杏仁果,1份,5~7粒,7,high,"手冊原文；先前與核桃仁合併列成一筆，已分開列出",手冊p.13,粒
油脂與堅果種子類,核桃仁,1份,2粒,7,high,"手冊原文；先前與杏仁果合併列成一筆，已分開列出",手冊p.13,粒
油脂與堅果種子類,開心果,1份,約15粒,10,high,手冊原文,手冊p.13,粒
油脂與堅果種子類,白瓜子/葵瓜子,1份,無附生活化比喻,10,high,手冊原文,手冊p.13,份
油脂與堅果種子類,原味瓜子(去殼),1份,約1茶匙,13,high,"手冊原文；先前「瓜子15公克」不夠精確，已依殼況分開列出並更正公克數",手冊p.13,茶匙
