kind,keywords,base_grams,bowl_grams,source,note
主食,飯,200,200,"國健署《每日飲食指南》1 碗飯=200 公克（一般家用飯碗、可食重量）；陽明交大味仙自助餐營養分析表（2025/10/13）便當白飯 200 公克","一個便當的白飯≈1 碗；滷肉飯、炒飯等以「飯」結尾的也先套用這個份量"
主菜,滷雞腿,150,,"陽明交大味仙自助餐營養分析表（2025/10/13）滷雞腿 150 公克",
主菜,炸雞腿|烤雞腿|雞腿,200,,"陽明交大味仙自助餐營養分析表（2025/10/13）帶骨雞腿 200 公克","自由時報 2025 引營養師：L 型大雞腿約 140~150 公克（不同來源/是否含骨有差）"
主菜,雞排,130,,"陽明交大味仙自助餐營養分析表（2025/10/13）炸雞排 130 公克",
主菜,排骨|豬排|里肌,150,,"陽明交大味仙自助餐營養分析表（2025/10/13）滷排骨 150 公克","自由時報 2025 引營養師：排骨約 90~100 公克，此項可能偏高"
主菜,控肉|爌肉|焢肉|紅燒肉|滷肉,150,,"陽明交大味仙自助餐營養分析表（2025/10/13）控肉 150 公克",
主菜,白肉,150,,"陽明交大味仙自助餐營養分析表（2025/10/13）蒜泥白肉 150 公克",
主菜,鯛魚|魚排,200,,"陽明交大味仙自助餐營養分析表（2025/10/13）蒲燒鯛魚 200 公克",
主菜,肉餅|漢堡肉,150,,"陽明交大味仙自助餐營養分析表（2025/10/13）豬排肉餅、牛肉餅 150 公克",
蛋,荷包蛋|煎蛋,47,,"陽明交大味仙自助餐營養分析表（2025/10/13）荷包蛋 47 公克",
蛋,滷蛋|水煮蛋|白煮蛋|茶葉蛋|溏心蛋|雞蛋,55,,"馬偕紀念醫院《食物份量代換手冊》2023 p.6 雞蛋 55 公克",
配菜,玉米,60,120,"陽明交大味仙自助餐營養分析表（2025/10/13）玉米粒 60 公克",
配菜,菜|瓜|豆腐|豆干|豆皮|筍|菇|茄|蘿蔔|花椰|沙拉|豆芽|海帶|冬粉|木耳|毛豆|南瓜|椒|番茄,80,160,"陽明交大味仙自助餐營養分析表（2025/10/13）便當「青菜四份」共 320 公克 → 每格配菜約 80 公克","配菜「半碗」視為一格（80 公克）"
